0,DyJkiwT0L6bjsKTsg9/ODYp3O4WXkDc20dDw4Q9sP9/ZKzHwbCljXa20hN/uDo6DQgwk86K+rvau2ui/w6hVxwH+hD9M4k43l4mm6mbmPpkEPUUNxuPGcmKZvZRD4coUd0dBfJhyL2YwgGMS8QtQEYNeuOfFEA3qsnkA/lK9/wms4H/qaZeyrjFhDyC8CZb4n44n/0gx
1,q2swHafoULJsavb3jJj+4dti/kw5d4d5dUdTr9F0FTbiClSsEFNCoW0D/w/4ZltntjMH0+jTOx6mvVO3wrfDHaAq14+SkjpZ8jO9B0I5SIB/GKwerq7Hy2xQKD5fOP+YP4MSf37ltZEiyXsnHp+N6TJWTcpmvxcQzcXGmYXqL4clg4dLhztbbTlPV6Cwnre2oDSVGmIl
2,C6AISAOZxKik77kaWNMz62Ds4WtccvSwhuvYCkoPCSW1SJqPHimaVuIOwdZ8xbp89pIHpUUYy60sqXA+NGVND8TdI3S7Ila8Vpn7euovDEQ1pi7IJKXW4ZLevmY+L3la2RXGUFMVnCdzZrzCFFoAnLjJxoigaRZa2IJ5TAwb5jNHQAMiK8PcrLzzjP2+oleWoxe9Fql+
3,1NMoINtd/kKBlTMGZffE8bK4tDgIotGN9fba0N+uh7y8liQizGgQ4C41bPOy5rGrjf27hbQ/KmdF9hz09UXD8mxFutai+zWz4sMbLPz/N7FrssfKdgLcbfT3LnQ7sR11R0ZbEpWauX6GXUzU739j3pVsqguaehezNUxUUyL+ws+uIi7wrhg/yrV9b8V1rwo5LOW2pNyy
4,WyZXEz3Jhuksv025aNSNoGJwzB8KMvYd5HPDF2ad5bebnkJdnOU1kAn3vXK/TkB+tZ6IF6icbR/HH9W4LMXYkG6CRr2lIliP7q9i15tNfx8iLQEFLG0GEI/qq3yyYSgNTFd+OgodfcK26OHIESUz6SEC0emH1qh2msKlAv/Bw6eGWfKeG8a/Pem+nFJ0s4iJaAtSCkFJ
5,nSbG5FmP/pKiSv02A1OnO+mnHbg850iqpzFxLHXzllHYu97yJqd6vMkFP8rjECXyX7KA1Quod1fTGylhwxsynlb2V5sEaJpTccKfyrtEHsztyknWp56b52VeFDq1JJeJ7wU/ZdIecXLUY1RoIZh51VMmSffLaYK/bqhF4/BC5GBoEWXb8iEmjYFwRG+jTjOVMftLqncH
6,2hYXthUvSIQMSnzQOdAC227Ple28S3QSxuiTDZ2XPQfd6rpizmLmyKHniKHtOdnaH8K+4FZZBYRC99KgQ1xhpVPvQuy7UAODtlNowQ3uepAZRqOvpv6ncnQSXiW127t99wMIAadplp90IXrEju0XPRlkZqTtEbIZmshOxvE33Z1dUKzCuepVvxZeepFvB+Y1izZja3N/
7,wnwXZre8GnBKseFzMKlvoCF7qJfjiuQCm/MT6jxWItPVBJIZXjGW1TxxeuLhCNuikgQGZA35UD0WTeYCEN75np8yIA0sVmtrq/0+NjjP2jl1RNLBTEBmXESX3S0t8l9iGKET6fAOIsCPESJshRW6hnYa8CLxx7YtXyUSB0BHTtcsV9ccuSeTC0ZXrq1MyQzA44PC62XQ
8,ieO7TI2Pl6K/XT1RC8PHQLz37tzTu1zPCSbC6l+7ik5Bk+fdMef+A3e5+WN8x+lMxYhy+BPwQodm9/R0ufzkhVWkDgV8sg34KONMujBSkWna3TUToC9ZzAGUeqMbH094Z+3fnKfGzDGzKtDQQO0FFKsRiGBR/WWQwgCMQzUkhz4xix0gCnh7FefMUS4qskhFsXTh5UxC
9,RNYG0BSji9YQq7viFrp3jRxn7TLXEPoHaCB2wYYd8+Vu5lF1tJrpxIXkpR0UAznu1Kk6ojO6nifm5lh1KNIxoxCORUlQejixJr/8PvNLXaErReUlKQtpw72uFCqbpsIBUbvn1lDe3V1jk9gEuvQ4tg3+4I5iJ0v4aOzuIs/9UOJSSeCpKzdeat+dAo8luD6MVV9gd7wm
10,USnRJwti6ddF0/uAvPhOZYyUAmXSsibkTH++TT2EuGAZu/NUmmJOg6v0xVUCywe3CDjb2W6XwOtjB6e8F5tlsiEPxMVAtTLFSpCzQaAWY56jQMAMquJdQrZTX88gP2Jzw2LX36kk/V/hy6PzeERr2f7Loq3HzF9xZWITxHiZX9H3QMg/OrkySogx5t+9dji7hAOUYYzT
11,84OOhjbxee4YZeptwHWEzDBBVtB+/ftK2ehqVd88wUSSV9PJF2V1XMnJBodQBCHPLTLurTK8HvC+liCc3NveUIAgS3UlIoP8I/GUAgCcU0a8eMvLuusl3s0hFPEEx4icf9enliU+EBLOCEfo2QoGLKWAPVOMA55mzcpMunRQNARyHUKWFDcURVRIoLYYAqnGtq+LAf9Y
12,DNI2YMJ+pHx8dVN9TYWWTZNk8ao3XX7waAYwSvi29vPSJZ9gedvHPHwI6yV0iXeu3kElE+XEoT3STHmJeqeBA+5OKPwauJ6zsoYRhAZli3I4/5pCUDjlD3Oi/5V13c+X1A/MQC3r4ZG9CiuTQp9vUuzqi+COVsxl0CUdmBo7nBiG2/PH3w+DqG5FooYFl7KERDQplH4u
13,dDvb2fCUrIJfXjIvunk5grF326rPv7ON4FDrgUdoKy4sXPQH94hOGuog5suWhyjQdhV4Z9ydMPVDIZ0xLvbVLr45QTDwBWZPkByijiZKvLxDRLBYTbtOupaDDvBGB6nPowhM0qpjpCKpYp+WHf8jTPGujHoq52tH/8Up0qyfBhkJ0ozW5OZAAPTZM7tIOrkZ8MMbBYdW
14,qRiJxakbter0Rrdp5AbzeyfR5U1IbBncyJGpIqPsprtZ4hLXBl5dwv7t0cAXZviDJXwp3P4v2rN/hfBwMsdkvGyeX44WuamSvyox/qrf5RlQx16qOpp2RQST3ylNzfjP4xL3SXzA/32kR5usSXcfWqOcpbNQhM84RqHnhVO1k9UHfW8jnZfW5TWi28sHlxL9va7aER6d
15,9Lr+89Iv2vRvOEJkhIJ85H78rrOg0oi0L/FBHiuuxTUzJstPuslf6q5M5qmYu4iXQK1anr2ZxRNpkCgr7nBTfF66tOVz0gzw1qKI3HCg5u9poZr/TM4Vtqqd5hH1SkrTI2ZuDt5DtClojdt//95fGQb452diHzQYHSbibbGSeeYeBVmr47q1hvLReKH1lM7fwMsEGmx1
16,HeXC7oo3IwD+iOb1ghbzByGwHniCd+UCGA39vQOnwVgs+beccpQHKy0ILWAeYWN1Qa3b8W81Qiq76aWMJ69nCY1vwbYTswerxmdaNn1tGhoqVh/Y0ymzdVAd6qYJhkFclvJyVIlT/nh0MNrZ131LbGM+5mBDAENVki3nFn33A0YR5XxMQdrL+120EzQ7LvTloWyHNvEz
17,11oTbHWbZpAdZo6OmeYqb7q87nQN++V1AgvsIrnK/PrQAMYv3Ko5d+7EXpdk7kmHHpaTcxlEmSpqJNRKNu9Gr7lB5k0uH3B8GEDsgUKKnsiT0GVbzuqbMknFkHpOx/Ah4PthOapGzZidIbgXrRbEKc8ACH+9nwRVNcc6pCV/VEX9ehk9cQgRqk3mL28eOxRmYT/eosD8
18,IavWA2Lz6VWnwPaskr3vBPWg8CH5v2Paz0sFFxwUuPZJgMrHdngnQHQEB1cCEGjtNwtmbQrhMVU9+EUW+YdgmynshVK4aHd7MyvCjSHW+Ndp9/2chomsQaMxLt4HI9z2z4sC7mQBfJDNPfeeQN3Kgi1YV/6/Ea3+kwqxR7Huh1viMcux9lGBHn/9tXVoy/egOg8iAR7A
19,Mp/WkEy4pNSc8PtJKIXLoYD0BF8bn4M1ghetBMx3eXgjV2XClbm2Sj6M1SgX/Yv/2Qpou7hl4fDC9JlbBJd+vS0EpIioLU8rDGMtY3yjKx6sJ3OO4d3CBRktihaxV6iJcJh+JxHEoGXMp8Hm44JB/+RauumFnUxJGspZ52xKgAvC8XrXM0hpMl/ffBGYSVrK19Gvq+OY
20,+mB5XxGOm+jJ2/Yj9GhoiKMDO6XNd1wC3GNbIQ44r/HXuudQXpgShJd2Y4skUi3qYnL7ma18sKHgH/G0JtszCvNfQODV/08aZ/CEtJnAjxdmk4UN+xH5M8+urBAQlxLz6AQRYePy1Vvj4Lz7o2PkyA7JrM3JkNCMgksUU7AF+vkuJ/VO5eJ7vCwG9GXxRa/ILX+ofBor
21,lCVDzY8FlXzDfb+l0f9OpjxymHZ/hUBO4u5UkgjlUvjL9H6EW9SlI0hZhMZ9XiQ1EVCLyiD2Flh9bUdVZQqFhiQHEiieImhITFH4M3+V2htBGBQezLYUJ2AgPzW8hhLceHO8pelfdpIPvkYCXf4/gdavNiRdS16cNRsCwTYeB1al0f8CqVW4a2T1rLR9Tk+tum5wS/6Y
22,dn9nuMNifrktnWqiJeynQlkCuMuIpzp2DzvXQnZFCuVgshc8Tzzw7QLUf+p+CgKQDBTAc+rg1uf41HH+CmqhIJypT8DGvfCy8tjnPETTZd7OSE0ZTEubPosrdGjUqnjDLzw2E04IalvCFP/uAYTCSS5QV7S4SGeos+TBgi2iKEl4jrf5oEeVrkA5L4tkFlySYC2ycn/F
23,0uXTVUfJptL12Fh5T08RXBtbq61vZtdHgA8SBKfngiBADn0i01qe+zfFOyMmmsejPwrTCPEqTpxtzr5HEg7V4OC6PjiRbsT9Sc427t8iWjRHPDm0TRRmpLhqUcoc6191q2M/KpQJadtmJVW4+RPISvDasDDvBbYqnXM8Jki6Z2JQevLd2QBW3cB5rPpg6k25CH60cM8b
24,wbMV+qnLVkqJOsYiCdT62nQhrkI4uS4gR0KDjSIDqTqZ79FvBFikRuKDbBjBKr69TJ9ei9moE8Fi5xk2IqMcnlT1ZNILinTEypU6r2VKgFigJ5AF9vRTawW2mc/EHXXTJJsNVZyzD9/i+p4z497P7Fgd26OlJvqDP1Oj9+WHiBSADBMUXgpbRYQBcnMHus5G5ay63RFf
25,vj2rmvkAXfIh8XKyWnCecTa1ZRiVnRzivW1TVIDYq0CAS92duRgTRsdLlfg5QR5urfBo64JfjHd2tEnZ0jrxvHQjjxSFWJfz0slRixGBfdwobZ8l2EOEuvF7PVu2ISyXt5C3N9sY70DvFJYE/e/pqbyprYo1aC5CyxBIqWHvs+2ijvCbHLEfB1GwkYKyUuY9DC8SdGiN
26,hvMiFMmfJIhXE2wUWt3+zTtLDyp4mRHBbD+YqvjCH5O8JbxZJ5CFy+VGmlUZe04fff7FM5fvtxX6olTqZJdn9zde03acAc0LLQkFyI64Z96zPAJH+Jwv5ZT8d0hQDugUo5+uRyTrxK1UVpTJOWsjwlAKi05lNdTQx8PRvsc6Cf2Nbw2wDhXBjWuKMbz5lLzprUa838JW
27,T4DHNFry7gy8pvzP8tgTy9tbEoOqtjEePjzsuj86qUU8xvJ219A1bjKbGx2a9GjZf05sOaRpcnt5zMOiC1RfBGRhiXr5mYO9MXhPrnd9FEKxyrVrmX1lZnMLa5cTdPr5COVgnDm8KfXVJO98IcI8G51FcjngbrZQqZSw1zWrsLEwNHqFictEhD6CrKdUSLN0+09MeXv4
28,wmUpU+JW3iauJKWchqzrA4YPylaSRQBtsQnXtkfY0C/oV6kotoJDe+A5nVZ9YhPcQFo0WAoUVw7rDbxD8F/rZx/FDeJx+Oz5kI3r4gFSqppbIFSIkZqxHpL0Ygmc5dYVz1uVhKmz6zZxijJ4Z5mxFiom2j8x62o2m53hfZNDzjv55BW1lvP9hmow457bo/mN0Zsu1rL7
29,y//CTb60gMmg8VC3ujWP8Kl+Acl4yXN7sTre/IHykwj5P1NoABjIo773VyuPJsMkLWTno5+AVfG8NRPZiRAszsxiqV6zyynFkzSXmR+Ss83tzUGH3L/3Vc4dCuXKL719xMz//5uR3YyGy3C1WothvuGAlg0nbbqZSh1Stng1UT/aU3+lr1i4Hj0M+ojw4R5czjaUxLoV
30,GKtI93ocfZBcC34q+gdSe/5Pk4qFsQVZlYU7jLOnONTTo1SdJ7u0BaHVieC+cS7BwQPF4p00JSJJepqY+PJNVOMo0hdJE/tXcNsiLAMsGdCSjHZ+V0JrNqQ4v7X6VyQW4XVXXpeKKeZJuPZNRvZaTXgmm7QpaDm8ymcMgCjGIbGh1hLhgBkDd8/wq4XUsteTt6EDJaG0
31,yUawrtZVt7hgNQsyqIOEgHR2kYnrLj7Qqgd6T7dQOK1BmxUxdz1WInKTxRhtfaUilKbllUDxqzIA7nq1ARqBJWrJuFrFRmrRqFJ49KWhPibOtHBMbEuIO7CDEifIILD/Ohsh0UE78CfsDZYKsrsFrU31luqKZ3apZ/Wz3IcRXm4GV67g5i3mRMAgsTS5h56AzntfRMdA
32,8TImMjE316U7g+I75mak/5qzcRU1tO9t9xQIz0Pmid7i4jXAJsR3cIKcTom/HaFJk1bDrGswvPX7J5CaRgH1SB25bp0yni6G5kCa+Pdr88jiSN0xJ92HX1KRexo/BDeBbxO9zVYffzE+E1FZiP6qtS7PXcYvLU5pPITGcmWLmhK8Hk3aYtciDg3oug7RpMs1PZ/o7Mar
33,EEiSLJmWrOgAf4RGPMq+oXFgZL9CRzv5WLzvwdScKVJsIb+0blCOOIX4mIKZCgnPJ/y1L2qHqGi3PxJ9clI/Q2ZueKZiZgKZZhvIGOjFnHmLX334c/MuP2SsI4b2uZ8Vrph6Vd0miBMlCJKevY9LEMTY4r7GFuB2DimHsdHwadmWTCC8zwYAm3ofzxmtegqYWhTBQRRu
34,jZdvYDvnBlHkj1OtlhLOdILR8sPH2uLZ/VOkarIkA/k9w6OjUJFWlxyBcBCxmOrJ744Dd+gyLBWxGrDt3/kGU+pDUC/jtXyNfZV+EiMGOReOoLBnzDfAvgFMiTNVfa8mmbd5eRjAw04AHD6+wMMkxN/tPnQR7pcVNaUugl716voyLsV4R7CFAGEv3KOuxaxc6OerwYNe
35,FaoSlGW2DL1RDOyceyHB9fFyMXIkfzpnUpiq4KN3MDv7+XegItLpLHTdv9++tuNoUr6Zty+e5wzM4y+RktztYJcQU+OsgDvkJ+EY5fj+4eEwSZL0QF321S0N+MozlmpwPcjHXjmkL+sq+oGSuKKGB91s3AUZt0Ht0AEC0RElhM/uM7JoU/V7yN92qyp3yWNmfWh4A0wx
36,trGqXXjqY2Fd0qWgT4O3vHsT7hL3J4ocTpEEo8p1pkd19L1twDMVc7wQ4gZDfNf+ttVFOvRRAn4XLpAxhaG/TYqxk+YWcMbIpba/W0bH4wNBDqNdHux5lZ3Od2BbfxcsKuWBGXpwILJiVxE0zN6qOxbeiILqXnwL9hBJrTfhJIBakKpTOsbOqKG35k3GIGD1AslSCSag
37,WtLaYGn6GDxbgggjLGw6vh1sxsOA800H/wJq48sjDp9NienFgcE3Ovm7A3JZPnhm1DdPXLrF4IFN6N7jM/wBNskSNHMoCAsOMzRV9F243v05T8YuVxJtP4GNI1zyKYubtjzpn12paxaGPTN6V/t4UQXTfxMAbJMuV7yW/55v+S/3DEJFMvEDTbOpjJ51hDXtOAO8Hs0H
38,Jn+2WYSfuHBmq1NxIe5Xqun9DRW5EY1Y1PwKXLx7AxP2pRxlgxh8ya8UZQP/XyTvq0eosM9lpaI/XiWXhrWvGscpsHjzMvCOwHd/lwmdYaPU3yf1QzGgs0jX+URyxbzQg0ekGnC9l8d5Hxtintg1FeqC6jNJE1GlH1Sw1qsRjNPQLWFsK5jY1Fi5lvwcUE9hQ1txk/lr
39,zRBru0/Vv/VYwqj+XibTzT6dRDTGd93ImPDSHG7ELS+fdDrf1XZWBEX4dZ2hkgdogEvGpuFTmTImLaPP8MQ4nUNQE8GSNe69xdtqqUO10OJCHGrR3RE++ZCJqtq60TS2792EO03iB2Ju+5U/lv5e+w9XEAB6SL12mrnJPVESOk2u2gB8puemHDkF0IztvprsF8Djywg1
40,s6xPtdm6Fl5oP7pyLfey0ApVIY9L+CMIWKs1lM+QfS9mO/S1vjctYKnsrDAQgHAgb+BngKszl++WGR/2YuAVu83VjQPNGrm9bVr95kIikVr+oqjYr3N46O1oUULbWqbbmVlpQ1yzrs52OxbpZkYTkrA0qioqGK1ccvT6bZx1t53HH9WU5AbNTO1h0usQuQfz8b/DoxbD
41,Qza/Atlx4PCRvXzsUizd06xi2bRg/s2iZfFHE7UYBZg7rSQziMSzBxQMMlCerKVTP1gxJkBcV50yZddbTm0/kN4QaONlA7MheEwOYhfLJ7YBarrzVUUGE3WsBIMfZ8KdadBgg3peWoRGKZCyq9x5kDsg6l/8jAnWbyQS6GVa5WV6E1g3EA0SljPs3nyR8MBHO/xX9P6Y
42,RHj+wHoLWsNT3jzcpktME8uJhyaV5vl2uxw9qn/6pJ8Ev0uQBUZW8Cd9bcmQtAHRmIaZh36SMaHFO/eyZCGL7JJbdelZ7KLv87qKs3lYItoxoMrscPph0bNcGA0uI9aDsdkToH4ZziTW/XsTdT23qipJ3LKsZSinNrs5od6K5HPvoBJ96Zo3n+0rCBX7FB2L5y8P8H7a
43,1LHPBVkmsVXLBasxjYg1652Aesd6/L17XM48/RJORylDi5POAr3XAKRIvEL5y3wghp1NWXxBLSH9h1dUpJDPUianTrVu5gkMrE2W3RtIlbD0zIDakPtseEOsjVsPkgpjmxWUTqx6jC2WOtxM7v0YzSfCfWdyFwzJmeeFIdvxCIHKkk7RiLUnv5o/+HwjunaLQOQtbuji
44,jbF/3wBcozxxh8GK2PPygDapZVXmHXAu8HnT+G+8ZNP8El5rUczRNyE7oEFSJ5QNETn1NZ8Hu+2CvOC6DnjilsJ/Uox1dJD3j76qPzyAaFVE98l4L6mY4KZTk+TLOya4OO+6Q3laxAV21xFAhgfQRnn6L2y5dNRCq8/cHORALGTXUsHmFmkCj3m1l/d3icjSc91IzZ1I
45,KrP7EYrmFLffs6wn5J7gyg4TZ1M4Lt7toan5y0gAVZxpKUGyxfsunMBUmiQBHGnTrzUHmZyXH7gSwYV3LiT6Ieg5Wa8dzcOz1ZcQW/64E/kt2121dlbFR9J4y64vt1Bb9nDqV6OydR2SyVTyjHvK+C/FQls5jFVDVF/s9Y/L1qH1zwj0WHOjTRdCbrqvBEDJljAUYNKW
46,chBEAUwiQfLjdaQTsJilS8OtUW5vAYtBN1Nwbl6D9gfC3iizX9WfDLqnOeMVSPqTBmbS3bl56L+McYdw1fyHHiJR5WrEe81CnRvPlKGwLx9dRUcYYqWZrC3RSuy6Wl32x36rYJgI2MGGtsuEhLayEL+9pTh7A3UnRayTbLWGhaG9k1tIjWMdue9pAFTffTvjn2N4xLzA
47,Ky+sdPCOJI9zAo2rIILMKNzV/giUugFEYBtaNnM4AMJdzcqHLn9biU2E74g+frCFiXzTNWafthXviRLZoxgBpVJh/U2e2Yo9fNzgnxScdBr/trTTySXxOLpG6nCk2pUmktEDKYUZvqMyQ+LgGFruOC2WTjXUFwf0++qEyc0DSE1w5BFFfuK1j7CA87RbIHrFt5pjUZB1
48,nWIVxzRHdulGqmtzQrzjWNX9SyRlnh1lDYuVkL2CydyNPc0RqXS0CWZglZIl2IdughvXLzxC1uhEAw0NJcIUa4JQ5HLYcHhAkIUKdmbMCPe6NUZMINU9CAAO4Prk/GAL37pXZrDLcms9FYCdRoB6HAIVCcUKgECiUEFxS7v82LaY4FK5UMGHU8bEUbnFP+m68MX+SpJp
49,31u58GcPjJp6shP77zRodQ0fB0WSP+hjL3dESfB1qv4ja7dEj86zfQ7hg3nePOvmdzxeXB+/rDTVKDEmev3B9mKs37H9MCCj7yEmZdp4k0hVqDGAt2bQwor0NG9yKpvtyeJzXNO+CeAxMA4o0RhYmJjin0lydUSWFs097SWspAd59/q3FrkY4/W//Lg8wRzx/ufBJjUa
50,O/bYDg4+Dc/p6GoBjtQ6YZaj8Hs9dIpZYxoMX1N6Pfy+5kA8bnS4jsohx2txkz96uAYYE8DiYDZxWEmOk7Hb+cRpKYiueyWF+ov1M4fld7qZYqwa8WQXIhr2Y1UmNEu0WDPqZxzgD8NzDRaFpLGFlNaVZzrshQQE7+R41o/ao8+7zXZBmKly6t84OmbdBtPpR7BNXg59
51,mTDKFQ6SW0vELO2aD3/gYPUezNpyBwgXSm/Qw331G8rt+Crr/8fFjX6rfxMBhGfAN3upbAM3UOGKevfQLeo0VfmVnV9WbyoYlMN7E9+dylNR5WdnsHo+LLb8ju1Y3wAyJhy6CbmI67e31SroIeBzeWrF0Q90dVhR7fgCVWexquM0apTuQ2F4v9OJ163BBvjwT4Lma540
52,6dbPnqZbeeYP+r+PiYp2s9n57cXAqU4MiKDKIdlKH2MjNC5iZNTVYlpq8ckQEJqdOCnm7NdvvLZjoMsU5oxId/ISRmTZjG/rLuxuRDMkP1NsT/n2fIGyeRSkVs12hN8AmTj18zQ7ny9Cy609RgeMXfh8nDx4hYQZR5b7R2i71HvifjaISfR8m39br6edcp5j8LotPNat
53,A0AYyIwUuLKrO8L3PHRdMsQNXMGN8pdW3zFkcGECyhatEEY31bIhFnYCUu9bRMxypG307lpkps/+dZJ0llOp252ygvdUt9ynzFp8JLZYl1GI/9uIj9NmRKqrHlD98KhVvMG6ghNfvR23eSCOlIlfogIWzVzj+I3meyi+4IEry0DHKr+0e7+FI/9AzXmoUXOs9ffMaV4e
54,xUBbIDSby2b7aENvgLJvS/L3S3zBTWKb9aISdbBu9k8piA1yaPbVvNiSNOhx+DdCviwMfpdDcViftzibaNB5ypWD0j8CGQof3eZ3JXvthu8CVwl5mrqDu1nfTIC13nAuEFaQz4U19CDbizAdQTVcEs8Ig6N4uxdh35+KcumKiijBUVGRP0NOUWzspmjNfopkkmX/3pyQ
55,7Ownftwizj/j5KsHBzSBY/W8ljfkmqa3ttTI+h2dSF7YeskB0EOYm5Yp6JSveWeZRZvZrb/XWM0Ox82OGZD4SbqQJuFvEsgczz/XgsGWBOkqoASj4psnFWQmGPMn19sa7zwiP3LzrrWdLlZunX3JwBu3TZxbBXJ+bMwUkIcfRYQwgiheHk59jkDDnV4VRw5p7J5SfgO2
56,m/AZH75pfAMMv06mbKbfY4fdCLAIuES+GjYQe+BFDjFvJM6WCX6xbIX6JgQqgq7PgikpFpCHz7Y2xzkNNLrtBnF6MfXU+AQvIYJE8yisTfLPe+gGCmWAd6GWtoekG7Y9N/HimZGzM4ZisrcOBBClEyKPOdD/YobE9Ifke6LQ9VaW2yrlgTmf/QfdSigN/XAu9wq+Qx8g
57,5luD1niCMznep/4CiLTigoOTHkGRlir0g+mB2LR3CRcGk7j9kwxhidlj7BBQBJGMv4W/SNm5yrYiQszl2o0jZs/plTMmU81ULx+xvcEXLVRydF79FWB8Ci8thP7LVENNlsp3OFCJh4p2p5E0BUsMxPkFqKhXcQIVuAGdepNKld8TzC5Q3R0mJaGI6wK+LyCr5VbE9rwS
58,BX7W9SK5EGd0+x9Ect4Si3uJt7nI8pf1+e9Vdxw7Jplew6bAuKOpfScjJQOGQGoSuUdB7ZZh6LBvxnccZwoZZXapoW0IntitIXAwvpq3HmybBe7zWwqvJD1Fd31UizIoWbKM/daEFAMIwMpxlecCWTV4sswavseWARa+YcdzYZAQD32UMNyvA9YH/jXM6sGg/u1VZV+y
59,fsj+TYgftK79XIOpo4N9Q/znkB47sIGGeorVfQyRXwDx71Wzuj8R7vuWGFP+8YVHp6RRLVovsOdW5Ko6ztfLcjOmJn5sVJ7/iUoMxKTArMn+02JfHZLNPowk7mAOQRkYGqWxfNwNNlpVpDnFijinyUOFeW06OcH5xT75EDh8tghXcXOri3gt1iGUirkYQtyahNL9ZSED
60,cGx8k7O4bJhjzi3avbm8VoID71cLGruGCv4EmKtCHD9mfP1kh0TFHO3mPSDuleDFOXszw1EmdYaEjt7gwhnE08oqfU8Eq5+FcnhPBZ8vqsgM2pUn2nTGkCtWHyjK+DJ6ZZaayubhaI+bZ/2L21zqmivC6t9IQmPyE5413hzdyQe1YfiwWtD26QcBj62MpQiitY+bCDfM
61,9OGjpechBy/Azqud3z68uQ4YkSp3doUhTsx5xP/BDg8jvPQeYHWbREIoAGzCZKnBShm3dygYTdCFEQ30ELft25PWHg+HYgE44x1lFFOw5vbqV6XOtcyNMA7qpSwOePMOtMNnH0dw3Zu9rov6kA0gZo5Nd1cICLI0+oE9uzcmEGX05klur9Gd4Qovihb5zqhjY5Hz+69L
62,bdpnEkDsNmIHgCvABFdGdcAEdBzerRk2w9sVlnliZw+w/zGH8gr7xbof3I/ZsPENMCFBz648upM52TCYa0tWRYgUmj2CHL5XlxOWtREFI+0g58GWNur+jXijplyxyiUu3UbDIcETpA/f/yhf6BF5/yACZfc9MM4ZzNsAWiOnv3ZVVrAoTqOHCVZt8eQqnrYsBA2iycOV
63,iuCpHQCX3BWJA6lGAbKRZ6mxZxk+7CyHxDbooitLZ7k/HQcy2TxjQFVb+ghK3FMy8WIgYoPXhH7vCIbXgCjJZL6abxsXfyyjGJDnKAKP5+a/jjY3HJVjYWdow2vo/TowOqYApy7XqOIaMc35HCuWrtFGufOAwMQXqQ5YzGUBT/FWvjy0UJBLnqQBESP4Ml3G0Ib4g2mD
64,udD8GK6HgdMgolwi/MPO1goMa3SnZriZmuDEIkC0X9ft5etukpHmoyjTia4rGnAdHI6hW5/V9Drc/d2tTIGINOHm1FjMIcAaAdg9LntXnhWy1sLga7x6DrFj+Zx2OdXyEKrFd/N+f6cAEoc99LntoTi8NL55LpEEZIjxRUusRlhRWctiwzuN449lso7UtfG85MlOkcC7
65,1pS1m8PcEREGn3W5T/MGzllcRsytw9f4+NNVy0ipgirGlMFyMiLCHVQyycX5u6uH1dV52nUijWrlHBOQwN7E+GoOEQxTFMIvXg2Soz3EY6DFIen7H4t6bV73k0d+pxXirocLkxi+KwJXrV3Abzl0ihOKx1rwVncVI+GnJHuXvy8hK+W4G5Zi6eCYmehpYYmuTDD6bdBu
66,wmWq83MMhpgaoHsKGbuCfQVVHcUmp90BDwWuCp9aGe0sn0/sMABsIsPQgE5zzK/PTuGd5lW9yO7B55mjNPNbhcYbnRiFzuy0h371CIv4lORkazbSNja1Su+WkfT1NsnaiSB7jMHImYV8wJJfYMeT1GUmg2LSNjB4a8+rPBtF6efaKMpqTeGZ3v7mL67wJLw7N+Aeavme
67,y0/UqR4KDDZPI3Q98GTawiIbkJlZeksz3BKZ8bRvXcEmVXwu5EcfO1UhvrEuI3GRpmwf9SP5peo2rTdaxhSGbjykeNCPNG2IMWgge7j7iMJo4gjlYGqvWz6/pDk4YZGUk5vI0nm8QuTIzkRTXd/Ewmgve6XWkcIVrE0d9lcNpmKO8Epj0+ElRW6jSufBp6Qc+kHkgNaP
68,uIKi+PZYI7FDJ9PZqBeRnrhEgbiEvFUXuk4fOgkr9R3HrCR1nsOD/uzpz1JdTk/Y5jsh86QgKcIJyC0UkNoY06GqQ4UlR2yP3uAEOTUPCRzLu7imyPC6khhkDjB1XJhS60nuojZES6D2+HG/LynfL4yqc85JA/ddGU0ytatSs/AIJPCoouA7oLUqNaV9VAXcyrDI6Dc9
69,F0lu8jIxs5nV9EqX0LWmnP5fJsck+Nj9anWsRSYP+PpiHTXMf3gJ4vImvqjxuoxGORuUXvfPhi+JUQqNIWbEiAJmbrQOehYaW1LVJpxrnb8KV/Mtz39/94rif0Z3PEDkUc830kNIu7dKuNan4Fj/Fpi13z5FperrptYGrQQtIbcT0hKcxPcy56mgeRimpcYlpVbbWUGK
70,qyQmHrak60fbCnyOKCRXGh85MLV7d7rKspNtTKVfXhlE6EN9zRFI8jfTWvomVUS7Z2U8IbjchndjkHfDASdjO2FVJYZ9vBZZ0Iyn/7xUtmkEqrlNeDJWBCYm1ZP9/zj0GxWYDzVNqGiEvO9TBGvnr6BdKeChCR0a5WOoa9mLBn0H7PxAq1AMowVHawuqEZcE50R8kpLZ
71,kWyCIzQUXQTLUFdA9m50oDXqCwqyd38SGzENIiX+E+TFfN2TG877eGO1eWZQsJO0mnJB4xgnpK7YbqnH5HDOVjuZT/VuzUa+Wnhs9e5Xy1fw98xSrdsymiqPAcDrOJR+0DVHL1dcNqvZhCyv2vZsHT6d7iY+FDj0dAJgzjSXAi1UXZJ+V09UdltvKLMTdbaKhkzLC1Do
72,BHUzu+gCtmvWlqZQ2zXbgNbsNBOzfOoHZgHQJytdsWSgFRPgYdRObfbY/DNpvHSYVBMfqzsJQTD2a3K/G9kALsdHiO+kRoCAYCC0ud5Hm/pla49dfBkL44EAjj1kKkn25eVvOmivDT5NEcBQrmE86bve9ewAJAEY3HtppBRqp82i/M5Iyu/H9kS13E/xUntkZlGseTIM
73,wIO/1JJds42Ol3QTs2iLw/aONfOezMMAHl1a1E0d8OnglTfHs4DJnd9uSz2aZh46DnvYN9gREtp7hrq+XSizSJEownF4rWeMqMzRM4G2u0cFDh74cpxtGbIOcdg9mHe0SCcF2FSQS7YoYTdIs0p759oXuezdphp33h4astB6CxOVlXDn72PLHZBsbvFtahaO9Ki84VWA
74,LVJmcREe8KQgx9UHDY57kz7Sd7R5TlFMaTOpao7uxy088T8rUExSL+66GEnDSX9scBYuuUpmwu3TPD1ncpkzDGPXrJwV1+qqvMe0YrZGVngbjPBYPCUc13SF0ylVLX+ejDrofgefg3TdVN6mfUyU8tdAKGoSpyZXRGSqCjqaNL3RCR/e+NYTCo7Jw5f/KZI+6yVG94iK
75,FAgBk3iR5Bmb2eqi39o2MgVQwwvzrSmh4qxR6gwbQhtWZ1Ux/BWjM7eCiCb6hrwfsCtLv4F+evO5Uoxbmhh02JxAobLNl1NgKv1lQksYMoN5lYgDmRIu0PuXnCq1DhFRD2H7QynHEClRfRqy3pyYctlbb4iwLF7fDpfLfM/BW8JGtQDEwtT61Fe99QCedFYNFqLnAXYh
76,x0H7Jld6uWjpJD9oPvdl6bo2QgWrFf/aTfLwf8vzNDkOvsvfp8qi7miG96kcUH1jNsj0qz/FXJpcEXzLgokQ0siQx0lfAgSSq8LI4CUYcuAridtXz70izPzvHHGI61AQovjg1S6mu8pJRUXUSdHskK+fPO9UlhfHUzQUMaIpUQzWvrMgMGttY2vXxnVTyMFwKeva2jGZ
77,HOs7H2CW46twPilNnlSm6S2ir7Eo8hNR+qM4NeKJYnSN5XliQ+y8u5mcQhdbDqfrW2ExqbE9e/ToC9QlxfSX50/Um3fcU2ah4H8mdES8FXZD2CB/znyej4QYuFD5lWTHJVexXnxiYgxzzPMcwZlD6ZS+6nIHKKA19Ext6a/JDlGrXQ8SdW4pKLY+YSatY6mAhmR6mftf
78,TitmeZ1BPs307yxXxgxBDUntV4k0TS9CC4PHCqcrEvPMWqvhIc6WKobf0LUp6j0yjyWvEG2wjXgM3F1Xo70JTFmhu7wZ7K+OjuX7bze52kqRifTY1dGSsFfWmJ/ZZmkF+pMqI6z0ZEq7xpWANHTGCxkoNgWq+7MxvFdUiW52Z+nK0igAUuODAuEvSaORE7YjQeMJrixl
79,JhL+yCBLOMw8VpEI3/UU1hj9eFJObgZcxS927XWWlKpna+gPDQyiQW7enFDCt1NLOkdEv+Hyy4QaIrFZtLfTlW/l7iaOeRLm8Xzoz0lBGXoLWA8f8N0/rQNmTUXLalW0PN7NN+PllxiKuxV4oNHVGCM0JPHTo1/+ila0JnoZR3KH7VL0JuZAeyooDVTh5w56u8TrqtDJ
80,3xvo2h5IqqHGB/7kh+6O3MIBcimdcwkXqzMYBJAtUkK7CN3W9RAVrWBki8ggH8ZMj5Vl0Bn5FUIHgeiuprDZwIeYj+KOQyLd03JpXmvYvxnWSqq/l6RTQmRiAypXHGus1SiUhgpHMJCapyP679tJJP+lB2SXKi1Gi8+0QSVYNOD5xtkA4A3LAC3P9Xh37IglCWxiMhxS
81,VVCXD9nBQBWyR7Bt0SZeQLwXghz/WJRKuse8Dq4xXulzoAnJmPfu2YrUYGvavckxvpUBU4v5VqYVtpQmtUHtaEEbvpbtICW8603pyeWt+ZIIDRrsBgrkZE3tvzBH4nE+IuJikqPTYjYHnsNPv15VdyWiaD3KudFF00mJb0ipE4w6nUdfDfrScdwSA7/KbDYit3iC6XSG
82,BS2GEptD3tDW6wo1isOK6CnBgr14UaFx4upHVBhctAOi32L/G+JhOcSYATpEd/HYvoIPzRlcA1aCPFtbND3RbWVae2yVAxiM473dhijneTnv9X0mc/Wu+0iM5sy40/JMQ2sEDBBavBewp1f8eqt1dupunIBHjscl1E3GxSfmBEx2q96Pzim6czH39DKhfY4SanCY/zhi
83,n9BDHfqpqr59ZgzWt3mitKswU22/ZsPHxxNFGZCTLmhlB4HB4e6u3S/tQXe5hEOFud8rmOnxQ0JBDQul0MPmGVUl0D58lr3H1fqV13S8d32NljM/RlSgqA5N+g9319HkLtgm2b7Dpd3Ng9aJAe2eBfK4ViVTM+y6cJ5GihM0k9+B6KiGaiOwPRU4CXygXEtxtxe5vfs8
84,xFbgvWzFllHzXy6lWhH12R6ajP1KDAXFJqAvkPK91jw/IJG2c5W7+i0zZXib4OEabWpJazSQYSagSGrO6geWuWWQ6JKF6YzlWrLmjEH0XoP2HJwoqLiRRlP/ptQxIGjl+rP3Mz4uRXud/QXBfrLWzeaONdqJtjobeAhk9WFrwNdNsZ1ajEhz23Vev97Q2IQmlaXcjkpf
85,/aJhRb2K11j1jJ1g6sxnZNhHz59t0HyUf7XKgk/KG21r89D9VWPD42TSJh9rYpUVEGeHfiltU9DWWv2x8smgj7oQlekZ8eFXdSlT5ryqZYfSe0wncYg81saneOmpuhT6fhfZ91dLuKeBgaBKLFSGK8LQlx614z/1WFHEZVIY7AV5bjeSBZgY10cSLs2cBmdonPfH22J2
86,nE9R88PoEKMlBCFntAf6d7/OgPYd6KJCDyQ6iV35BXZ6XLU62/TIFcU9Xn8f0yuVW1momoCASZGCM3VU82QfFHa7R1av7pOkclG51X4rGylZSki+MA4MJlucFbZtOSWUbxyhdK/nX8pezI/3fmXbRaCF/iVA5FjozZ28C9Bb2a3S//l0RJI/S6m0hIW6aleyQRPgCIqQ
87,9OY0Sy6BBA+1QLwDM9kcIsqdRzj6NiTZtGQ+dRaRCoTar7mH6EsTPGxUORbyj56Py2HgNWTQ1ma9zr3WH8Ra5GbV5L0qiF2tedPpnqh99hB0jkCEu3IDhto4dTcN5gvSXRcHws2I5nJctetfnqIoBCpaK5NX00DvNveMw1DujLain8MaNSwJ8hygHiEkorvRZc8OIcM8
88,S/ZkwVSh6E1FsFmzzS4rua0bikd2A7ttPySKHNGNQhqn29x3CdOTW6kTQBEA2T4qHCOD6yQJqeH7qv4OSGuwYjtF8mB9prioxLy0vB8kuGtxY/JTdj5Egrg1kUbvcWKS7shucrG/KsSG+5uM3EdP144g8uQqZiHdWsTRBjKXFFFx8K/uduWN37RGn2ZY8fNN54e438M+
89,P7q6lAmhbUdyb+2HXW7tBgX2qY32J08JPRDIdXlmScMbzVOEKeRizRquQxzuspxztGIHHOpues6ISsuXnq3fh2B/9hvFQBYA4Xw64YclhAeDIi0KcEbIrMCRibI3EYaL4ea9Wy0QeqQxdPlRv9tunljRwPa0QHoj0GJNvO/RCZogntgX13iouwnNPMjtdqmfBwxpX27F
90,osy9BxeUBkPwV0MzbK+tmF7i0yJHh314EIWtaFQkPgBJFBb2x/zou8oYtJAh9EaVw1yCgjDYpYz9z6kEdLu6Ut/UdXVXIoJ0DAjfQZ62WdgK5eIzthhSIBq3++c7z7tFqMSyj9ORnt+Sfm8mubk3+B5DjSP8js3p/42kiamjCkRJYZ9cmg7voVgMUsJKNsxWhna7eEqS
91,N/s2vH72cXLB0wImiNRYbFRZ2+vMnXRflGHlasibtgL7DvZ+emRilH0dlPTxdKvYjDJ8dZUkY4gci7qBvS2o0UthrA+5wtR1YpddMKYg9kH6vHeVEe+DikyEr0SaJ3/2i73PYBHYuJMwezRdW+uXJUv+Y94O2W7oJtU3Zk4g8rNwYnH0ALLgwOtMailL2ojudtpgj5tM
92,02J8DWGHtyHOt04hv0J6u5hLWM6VTCUzFkthq5vQpAvDCka7pF1A/i09Q+MhfDqn/3I0uaAg89bGhQEb2pNqsOjpfK7sGr613y9OHj0c/Y0LzzjKrf4irqOtlupFJjNYWx5XNzkcpfTJ2eBk7TK4G2SREBGbTtFdaBrzU6LgpTmkUs+9kDj3NR9RIl2J7rrCedU4LqSi
93,M8N9zwXzkCN6mfStg5pLaicYUSKLbwk27K4Bp7O8ysBenGeKI275D80OF+zbgnUWu95oxaS9rJEvsmkJWHVfmviFYAnj3ovWuUzJL0pkFrM/xGDmE4sJkSSgcbsa7eaEF3NdZwC1BSt5Y/O9ZQ7Pkg6msnSXpDVxcO1mdGdJAFFT0IMXbRIJlVNv5be2pVOolbXz6o9m
94,12jsade96hEiMJLhCplrLHPXYnwzOSxb4x+aoHJ5JdqqsRPBVsFL+Y2Aq65zzfybcbVJCdf+nfJ49z63iwsM+OfIzAIOHv3NfEQxr6sknhtZBz8H22l62LQgi87DAK0coEsARvijajXzckYUsJYgTJZWt0tqyrSuyxBZIktXE6uJsqd+nKqwChR1QPCKFEu0MRN+oLIg
95,73WnMfrOOFrbiqgBBE9ncXVonFjdwMwjlJkkRyb0wfq7qi93W9+GJnxJ+RQSwomAL9fH1sbHOjFXM1T2rYseHkey7cxmHefFOL9GqCKEtnd5/Imk4q6hv4PW3JbyqB3B9AU+8tikt2Gg9kbAcUU5hBABziJqLKa18LUf5HUBvJjCxpEQ2y+z/mXyvBxLKwM0c/U0gs66
96,4X9YkVi5lCwFw8hZRF/VPSKxO9qUqYfMLMjB321hXDwgA1RrIH0yHhjLUEO38+0nFiMzN0SYuyOlUodjqb0O1bLaarsQ2nwKYiTyxMEVVlFiKIGlxWDMC1T1bJ5/0OQc31VrcalvYfrhbYjpoY75YMxBiiphiGy3EeWiDUDO3aQJT68jO85f/Zlh2MxbUNH7IDtfm5XY
97,yHVPVqRa+xMTvRGRPQs+ZVPBw17jNVWqqXtmIxGvuAE7P7Kmf0ksMmN3I+VmZ9oCTPucJAueZRqMwK6zEnWuanHpc+I0Y4yqrB+kjPbyZH9YS23rp42ivsV/avICd1011ZBjJlTp9czMSYSkCPRSwADLe0w7X7grX/tXZA/cLs3NO/VE4/rINTbnxgAQ6VkG7TbXNhXr
98,e6uptoig5vNlSZgrTYB4bbLO2diGIwcOzIf++K7R8etAyljjlCzsWOonI/KdBG6CS2/l9KjpecAooyCQ6fxuldaVZ4oP1PwVBoMvZc2548XcJZ2AcXWaQP2QZNkSbhZO5ffV1D/LewpvjImCQjkQMwiWpvRkpQ3oAtIZTktW3KWkb5T5qDoZgQtz3MuWC3H/W0G2pc5Z
99,HlEPDzNfIseF4sfklphOZyKzcqqzlMkgwyz8SlXD0JH2vZxx7KfN9aeIiweuEGiImdu3bgcy2fmHnA7ELBEmMVZ9mBqHriqIHpr3Mwd0+/rasMH7ZjhS2dpabS2urtpeP0ZJrnIp4uk/eokYNrUipF1vciSEtmKNdqaM3mkIvteXV0Q3tMAeCYGZqobLjTefsTT+s0qQ
